Pollutant:,SOX,Unit: grams,,,,,,,,,,,,,,,,,,,,,,,,,,,,,,,,,,
,2015.0,2016.0,2017.0,2018.0,2019.0,2020.0,2021.0,2022.0,2023.0,2024.0,2025.0,2026.0,2027.0,2028.0,2029.0,2030.0,2031.0,2032.0,2033.0,2034.0,2035.0,2036.0,2037.0,2038.0,2039.0,2040.0,2041.0,2042.0,2043.0,2044.0,2045.0,2046.0,2047.0,2048.0,2049.0,2050.0
agriculture and forestry 01T03,0.0,0.0,0.0,0.0,0.0,0.0,0.0,0.0,0.0,0.0,0.0,0.0,0.0,0.0,0.0,0.0,0.0,0.0,0.0,0.0,0.0,0.0,0.0,0.0,0.0,0.0,0.0,0.0,0.0,0.0,0.0,0.0,0.0,0.0,0.0,0.0
coal mining 05,0.0,0.0,0.0,0.0,0.0,20467577.14285714,20837757.142857146,21066854.304635763,23622567.311737485,21114191.452383783,22110449.519982405,25318736.323062774,26577653.371992826,28864723.96726776,31449522.828230143,32520845.757861894,32763201.963204116,31861511.03109036,31786565.45782591,32057156.576147843,31406360.88331431,31287780.907876875,31663977.157273863,31939840.693176065,32783071.174853183,32083633.604845814,31412641.10837906,30760009.662080325,30770005.186958276,31456504.00713614,31629780.887516413,31845867.121685278,32386246.47074147,32655572.785952106,32744373.824813277,32608913.26081871
oil and gas extraction 06,0.0,0.0,0.0,0.0,0.0,524260844.8046181,533731060.1687389,505707236.46134764,507361487.4588816,548994954.9192725,558481257.5283875,539097115.6160007,549786318.8795449,567050016.202642,579278786.5689371,595056262.13311,606304962.7053117,615558285.8576639,619906605.4064415,621614242.6891097,626021976.9860604,625223819.9754786,626677988.7949381,629042307.2102733,629608736.7780787,640004572.4878037,642371060.0200263,648046671.9285207,649584036.130914,652420276.0526052,657184022.7848766,662467401.2692189,664880669.2961808,662175623.0887007,665203019.6119876,671201370.378899
other mining and quarrying 07T08,0.0,0.0,0.0,0.0,0.0,0.0,0.0,0.0,0.0,0.0,0.0,0.0,0.0,0.0,0.0,0.0,0.0,0.0,0.0,0.0,0.0,0.0,0.0,0.0,0.0,0.0,0.0,0.0,0.0,0.0,0.0,0.0,0.0,0.0,0.0,0.0
food beverage and tobacco 10T12,0.0,0.0,0.0,0.0,0.0,0.0,0.0,0.0,0.0,0.0,0.0,0.0,0.0,0.0,0.0,0.0,0.0,0.0,0.0,0.0,0.0,0.0,0.0,0.0,0.0,0.0,0.0,0.0,0.0,0.0,0.0,0.0,0.0,0.0,0.0,0.0
textiles apparel and leather 13T15,0.0,0.0,0.0,0.0,0.0,0.0,0.0,0.0,0.0,0.0,0.0,0.0,0.0,0.0,0.0,0.0,0.0,0.0,0.0,0.0,0.0,0.0,0.0,0.0,0.0,0.0,0.0,0.0,0.0,0.0,0.0,0.0,0.0,0.0,0.0,0.0
wood products 16,0.0,0.0,0.0,0.0,0.0,0.0,0.0,0.0,0.0,0.0,0.0,0.0,0.0,0.0,0.0,0.0,0.0,0.0,0.0,0.0,0.0,0.0,0.0,0.0,0.0,0.0,0.0,0.0,0.0,0.0,0.0,0.0,0.0,0.0,0.0,0.0
pulp paper and printing 17T18,0.0,0.0,0.0,0.0,0.0,551009717.2145635,558920615.0583245,592181150.2529128,613663649.8222343,607459226.1172906,606950499.5116038,609311539.6676545,608839331.9576107,611378588.5813102,615553189.6350206,618703879.5441293,624867345.7045143,630824541.4346932,634449592.9884394,639035691.359256,643441309.5966201,644722222.7473079,647191027.3257191,653418409.4956487,653762816.1058671,659736535.1052302,668054345.4241071,674418964.9587452,679225882.4416463,681782587.6159186,683968348.8854702,686327112.1480671,686240981.5315918,687217556.7141297,689092792.3790357,691365875.9073769
refined petroleum and coke 19,0.0,0.0,0.0,0.0,0.0,25915855.850826263,25990037.405091558,26070570.750502568,24114909.90166934,31553222.355367497,33159720.104690008,35036893.71679273,36483318.67312953,36244373.82648062,35482630.03161111,35282443.005792454,34783862.330846086,35671479.56831134,35873630.22237254,35813398.01186197,36445909.73315251,36506961.575480275,36928927.86736287,36523576.222501636,36551278.47072769,36615436.628539056,36248637.772836015,36579900.02287463,36428123.46196597,36669079.08061969,36783782.03808677,39486186.72962775,39467504.01059204,37785098.84763121,36757366.368326366,37130642.02399954
chemicals 20,0.0,0.0,0.0,0.0,0.0,1856117911.4151962,1855978235.5637147,1761089436.871289,1914468047.330953,2074923124.565317,1906760115.9558582,1787531887.5525782,1834684025.1614616,1889631282.490185,1946568153.8178492,2001032287.3541598,2040218464.4400783,2079800523.189508,2129212727.5172207,2168266077.7353816,2203832189.1522617,2250703340.7602615,2295995910.0841017,2333706380.650527,2358262339.959866,2389887259.7553225,2424842897.1591163,2492169009.5207043,2556708782.1224427,2606262289.6573834,2660890991.7464294,2688211830.919908,2696301852.558122,2705143268.366809,2742149368.47887,2789161619.073659
rubber and plastic products 22,0.0,0.0,0.0,0.0,0.0,0.0,0.0,0.0,0.0,0.0,0.0,0.0,0.0,0.0,0.0,0.0,0.0,0.0,0.0,0.0,0.0,0.0,0.0,0.0,0.0,0.0,0.0,0.0,0.0,0.0,0.0,0.0,0.0,0.0,0.0,0.0
glass and glass products 231,0.0,0.0,0.0,0.0,0.0,0.0,0.0,0.0,0.0,0.0,0.0,0.0,0.0,0.0,0.0,0.0,0.0,0.0,0.0,0.0,0.0,0.0,0.0,0.0,0.0,0.0,0.0,0.0,0.0,0.0,0.0,0.0,0.0,0.0,0.0,0.0
cement and other nonmetallic minerals 239,0.0,0.0,0.0,0.0,0.0,1441799652.2872977,1508762946.8651528,1438659444.4444444,1499709575.5182626,1706268223.1634982,1552894923.8514025,1437624294.5627902,1366235000.6842954,1307985284.2398357,1290441013.5012589,1270501976.182214,1252727969.8701844,1236762174.0901735,1026054880.144834,986833647.870253,943227517.5450417,901616885.2866614,875765499.3735144,853840700.3958608,818406659.498124,795574328.5536999,770804563.4023075,749416811.3303015,733393636.2354946,721532109.2796099,702891546.962314,690933881.5732503,680210215.6374512,668795658.283926,660715190.2659813,654689282.8378344
iron and steel 241,0.0,0.0,0.0,0.0,0.0,182513635.4378819,184619541.7515275,217772434.6793349,211981857.79816514,205498561.50354776,191770756.01050347,172525975.0786817,165343346.55347523,167637601.87241495,168180156.49220636,166242534.63610554,162654193.8117121,156611837.82190466,156613672.66861197,159277179.20051044,160008538.07300597,161689141.16893703,163472100.9717601,165002591.78757033,166985585.85730824,168408840.20895666,168896654.65688008,170572978.2235482,173715653.07950816,175535806.92379147,176084454.87627456,175568604.05341536,173504641.57516924,171128265.54508555,171228779.16185278,172828580.59973738
other metals 242,0.0,0.0,0.0,0.0,0.0,168479149.3886231,173621820.30834663,176050265.9685864,191223879.73273942,197616970.49572814,195421708.7111085,194549884.53403354,198801035.45819873,206015663.28416312,211943692.19795305,216950627.41121763,219823124.36071905,220273753.45768356,220151418.6944489,220694011.80510843,222041479.12639204,224133702.82934007,226392184.8311263,228163888.6439783,229465336.2117431,231746922.22434425,233479660.30504483,234841528.28045648,237061229.53058314,239396612.38544717,240579334.459831,240953781.5986883,241261333.8854037,241843916.70931244,242453749.6256043,242389140.0268054
metal products except machinery and vehicles 25,0.0,0.0,0.0,0.0,0.0,0.0,0.0,0.0,0.0,0.0,0.0,0.0,0.0,0.0,0.0,0.0,0.0,0.0,0.0,0.0,0.0,0.0,0.0,0.0,0.0,0.0,0.0,0.0,0.0,0.0,0.0,0.0,0.0,0.0,0.0,0.0
computers and electronics 26,0.0,0.0,0.0,0.0,0.0,0.0,0.0,0.0,0.0,0.0,0.0,0.0,0.0,0.0,0.0,0.0,0.0,0.0,0.0,0.0,0.0,0.0,0.0,0.0,0.0,0.0,0.0,0.0,0.0,0.0,0.0,0.0,0.0,0.0,0.0,0.0
appliances and electrical equipment 27,0.0,0.0,0.0,0.0,0.0,0.0,0.0,0.0,0.0,0.0,0.0,0.0,0.0,0.0,0.0,0.0,0.0,0.0,0.0,0.0,0.0,0.0,0.0,0.0,0.0,0.0,0.0,0.0,0.0,0.0,0.0,0.0,0.0,0.0,0.0,0.0
other machinery 28,0.0,0.0,0.0,0.0,0.0,0.0,0.0,0.0,0.0,0.0,0.0,0.0,0.0,0.0,0.0,0.0,0.0,0.0,0.0,0.0,0.0,0.0,0.0,0.0,0.0,0.0,0.0,0.0,0.0,0.0,0.0,0.0,0.0,0.0,0.0,0.0
road vehicles 29,0.0,0.0,0.0,0.0,0.0,0.0,0.0,0.0,0.0,0.0,0.0,0.0,0.0,0.0,0.0,0.0,0.0,0.0,0.0,0.0,0.0,0.0,0.0,0.0,0.0,0.0,0.0,0.0,0.0,0.0,0.0,0.0,0.0,0.0,0.0,0.0
nonroad vehicles 30,0.0,0.0,0.0,0.0,0.0,0.0,0.0,0.0,0.0,0.0,0.0,0.0,0.0,0.0,0.0,0.0,0.0,0.0,0.0,0.0,0.0,0.0,0.0,0.0,0.0,0.0,0.0,0.0,0.0,0.0,0.0,0.0,0.0,0.0,0.0,0.0
other manufacturing 31T33,0.0,0.0,0.0,0.0,0.0,354796294.89603025,357785756.1436673,389007996.2689828,422968847.2791568,416058684.1331637,404806951.12919986,399061047.4117733,398251089.51564986,399681058.2865916,405656632.86136025,413018643.4658637,420131104.4305928,432220440.60831296,442551234.44610137,453234174.95938474,462358577.61301523,467842082.574402,474892909.5872036,485194212.6405805,491520233.12317175,500993694.2447154,510251089.747612,518099522.17913723,524329820.7164595,530445775.9830965,537526543.6624537,549750573.297182,557388358.5562717,564025674.6094602,571316790.6834828,578783775.5192032
energy pipelines and gas processing 352T353,0.0,0.0,0.0,0.0,0.0,7172791.229742612,7145485.224022879,8244418.681682676,9014641.025641026,10352463.850040585,10545010.267391235,10605206.958604522,11299319.475836601,12172578.570625689,12309450.18194248,12505880.28311277,12361242.000054857,12104337.943782605,11670567.827173736,11379391.11465758,11260432.446341164,11249038.345460411,11259037.460052826,11119761.701664906,11170276.20515608,11116473.665669687,11002836.627429586,10991719.110264812,11054591.138160361,11107696.503364535,11168806.051382752,11206572.124116173,11131458.879565157,11085944.78508778,11140228.177830046,11265193.851231473
water and waste 36T39,0.0,0.0,0.0,0.0,0.0,0.0,0.0,0.0,0.0,0.0,0.0,0.0,0.0,0.0,0.0,0.0,0.0,0.0,0.0,0.0,0.0,0.0,0.0,0.0,0.0,0.0,0.0,0.0,0.0,0.0,0.0,0.0,0.0,0.0,0.0,0.0
construction 41T43,0.0,0.0,0.0,0.0,0.0,0.0,0.0,0.0,0.0,0.0,0.0,0.0,0.0,0.0,0.0,0.0,0.0,0.0,0.0,0.0,0.0,0.0,0.0,0.0,0.0,0.0,0.0,0.0,0.0,0.0,0.0,0.0,0.0,0.0,0.0,0.0
