Pollutant:,BC,Unit: grams,,,,,,,,,,,,,,,,,,,,,,,,,,,,,,,,,,
,2015.0,2016.0,2017.0,2018.0,2019.0,2020.0,2021.0,2022.0,2023.0,2024.0,2025.0,2026.0,2027.0,2028.0,2029.0,2030.0,2031.0,2032.0,2033.0,2034.0,2035.0,2036.0,2037.0,2038.0,2039.0,2040.0,2041.0,2042.0,2043.0,2044.0,2045.0,2046.0,2047.0,2048.0,2049.0,2050.0
agriculture and forestry 01T03,0.0,0.0,0.0,0.0,0.0,9477.02589807853,9542.188805346701,9607.35171261487,10160.10498687664,10373.737764067439,10483.576644966726,10569.012711522826,10652.192327203467,10727.043154177441,10810.820999946483,10891.482195671437,10871.968913578341,10878.927918596104,10832.413574074237,10811.85763472505,10789.52239718292,10780.372675493738,10767.810949924773,10768.01715268859,10768.422148731637,10768.015768267787,10764.124804608991,10779.396851542273,10790.825431166324,10806.363611557535,10834.912258538956,10927.867296422217,11020.646094586673,11117.031780754214,11200.657234558883,11286.019560434821
coal mining 05,0.0,0.0,0.0,0.0,0.0,1254365.7142857143,1277052.380952381,1291092.715231788,1447720.8666386202,1293993.7960354784,1355049.9705818817,1551671.433849886,1628824.7955929837,1768989.0622690255,1927399.7547943732,1993056.3169990103,2007909.238402644,1952648.6581086768,1948055.5811223653,1964638.8933065198,1924754.5533869758,1917487.32021368,1940542.6957372618,1957449.130672972,2009126.932988013,1966261.5512685776,1925139.440124875,1885142.595134968,1885755.1758823462,1927827.5998394345,1938446.9602214845,1951689.9132871395,1984807.3322875935,2001313.1303797255,2006755.3465132206,1998453.5780172907
oil and gas extraction 06,0.0,0.0,0.0,0.0,0.0,1848746.8472468916,1882142.4955595026,1783319.6362133112,1789153.1661184211,1935968.9019684617,1969421.280139422,1901065.285976885,1938759.557881595,1999638.0429223664,2042761.4248884942,2098398.916217167,2138066.1923919357,2170696.9947377476,2186030.8540871334,2192052.6447164733,2207596.023486304,2204781.412646025,2209909.3752756626,2218246.877989351,2220244.328090851,2256904.072344712,2265249.2242049016,2285263.6306325574,2290684.9724138686,2300686.653190194,2317485.469732848,2336116.7091483725,2344626.827156652,2335087.786243535,2345763.5592547334,2366916.067932243
other mining and quarrying 07T08,0.0,0.0,0.0,0.0,0.0,0.0,0.0,0.0,0.0,0.0,0.0,0.0,0.0,0.0,0.0,0.0,0.0,0.0,0.0,0.0,0.0,0.0,0.0,0.0,0.0,0.0,0.0,0.0,0.0,0.0,0.0,0.0,0.0,0.0,0.0,0.0
food beverage and tobacco 10T12,0.0,0.0,0.0,0.0,0.0,0.0,0.0,0.0,0.0,0.0,0.0,0.0,0.0,0.0,0.0,0.0,0.0,0.0,0.0,0.0,0.0,0.0,0.0,0.0,0.0,0.0,0.0,0.0,0.0,0.0,0.0,0.0,0.0,0.0,0.0,0.0
textiles apparel and leather 13T15,0.0,0.0,0.0,0.0,0.0,0.0,0.0,0.0,0.0,0.0,0.0,0.0,0.0,0.0,0.0,0.0,0.0,0.0,0.0,0.0,0.0,0.0,0.0,0.0,0.0,0.0,0.0,0.0,0.0,0.0,0.0,0.0,0.0,0.0,0.0,0.0
wood products 16,0.0,0.0,0.0,0.0,0.0,0.0,0.0,0.0,0.0,0.0,0.0,0.0,0.0,0.0,0.0,0.0,0.0,0.0,0.0,0.0,0.0,0.0,0.0,0.0,0.0,0.0,0.0,0.0,0.0,0.0,0.0,0.0,0.0,0.0,0.0,0.0
pulp paper and printing 17T18,0.0,0.0,0.0,0.0,0.0,24367606.928243198,24717454.93107105,26188353.941603605,27138386.380210377,26864004.72534118,26841507.027797878,26945920.610112313,26925037.90785255,27037332.85540635,27221948.542536665,27361283.2418339,27633853.60859806,27897301.96424853,28057614.620444227,28260428.180610165,28455260.268194176,28511906.797629196,28621086.105488747,28896483.065230027,28911713.948895223,29175893.022201065,29543736.140066,29825202.223553393,30037781.189223833,30150847.773662686,30247509.901010748,30351822.791008953,30348013.789205197,30391201.41265448,30474130.994751964,30574654.82255973
refined petroleum and coke 19,0.0,0.0,0.0,0.0,0.0,481126.7306833408,482503.90799464047,483999.0060308242,447692.24788474734,585784.1933427197,615608.7538137583,650458.3998418372,677311.2159103805,672875.2152803591,658733.4750363374,655017.0116553189,645760.8832256962,662239.4584276112,665992.3764810917,664874.1681266545,676616.7205754371,677750.1453587214,685583.931116778,678058.5955541868,678572.886581205,679763.9799756167,672954.3752580027,679104.244445318,676286.5192285748,680759.8497529442,682889.3051428604,733059.3300769579,732712.486214974,701478.7079288397,682398.8993888006,689328.745614658
chemicals 20,0.0,0.0,0.0,0.0,0.0,10812416.276557436,8213232.609150562,7716207.9286435535,8396417.704085665,9305085.61849425,8352304.992697062,7697180.294887974,7994036.570726383,8326198.7876616465,8656775.622014113,8955748.950719628,9170946.149156312,9378531.017807778,9673387.002775531,9913469.17206834,10122320.610915525,10405371.647488395,10674571.694504548,10892185.485485408,11048619.330545435,11230622.231346363,11422981.656803343,11794616.21867309,12170455.394184917,12459044.851661356,12784795.490728192,12934430.009135326,12998635.677205965,13056168.968641747,13261599.809017027,13526700.503673272
rubber and plastic products 22,0.0,0.0,0.0,0.0,0.0,0.0,0.0,0.0,0.0,0.0,0.0,0.0,0.0,0.0,0.0,0.0,0.0,0.0,0.0,0.0,0.0,0.0,0.0,0.0,0.0,0.0,0.0,0.0,0.0,0.0,0.0,0.0,0.0,0.0,0.0,0.0
glass and glass products 231,0.0,0.0,0.0,0.0,0.0,0.0,0.0,0.0,0.0,0.0,0.0,0.0,0.0,0.0,0.0,0.0,0.0,0.0,0.0,0.0,0.0,0.0,0.0,0.0,0.0,0.0,0.0,0.0,0.0,0.0,0.0,0.0,0.0,0.0,0.0,0.0
cement and other nonmetallic minerals 239,0.0,0.0,0.0,0.0,0.0,10402072.150385745,10885188.525480822,10379416.666666666,10819871.668311944,12310118.910835,11203585.05721938,10371948.428109145,9856900.040830703,9436649.035614036,9310073.356559696,9166220.287603192,9037987.148022508,8922799.60488603,7402621.353521594,7119654.099853583,6805051.364915769,6504845.43943356,6318336.876312864,6160157.242626274,5904513.228970671,5739786.074633656,5561081.020957065,5406775.989856088,5291174.475352991,5205597.773338174,5071112.740108582,4984842.433460993,4907474.994369266,4825123.019205639,4766825.313835689,4723350.533036781
iron and steel 241,0.0,0.0,0.0,0.0,0.0,3056183.008437591,3091446.3194646495,3646590.091618595,3549627.129750983,3441064.6109740245,3211193.0959481937,2888940.063489393,2768667.2564632776,2807084.463517089,2816169.5173881473,2783724.1223951355,2723637.5089775496,2622458.516719376,2622489.2411489054,2667089.543948862,2679336.116945057,2707477.743807015,2737333.32934199,2762961.3325025593,2796166.4832696547,2819998.8164307196,2828167.248468343,2856237.214796081,2908861.170659905,2939339.568826129,2948526.6552921366,2939888.7553569977,2905327.7920572697,2865535.477212541,2867218.573420359,2894007.1799790235
other metals 242,0.0,0.0,0.0,0.0,0.0,938330.6751727804,966972.3551302499,980497.382198953,1065005.5679287305,1100611.357688737,1088385.0289114492,1083529.4763301637,1107205.9094757996,1147387.181898075,1180402.8481885635,1208288.5593656295,1224286.6933296153,1226796.434780362,1226115.101443865,1229137.028855755,1236641.6365531543,1248294.1032644585,1260872.5318076455,1270739.889524919,1277988.1940147865,1290695.298433569,1300345.6397313573,1307930.4506797832,1320292.8930370205,1333299.6145152783,1339886.6871983104,1341972.139540013,1343685.0265405218,1346929.6733498513,1350326.0872928412,1349966.2494809604
metal products except machinery and vehicles 25,0.0,0.0,0.0,0.0,0.0,0.0,0.0,0.0,0.0,0.0,0.0,0.0,0.0,0.0,0.0,0.0,0.0,0.0,0.0,0.0,0.0,0.0,0.0,0.0,0.0,0.0,0.0,0.0,0.0,0.0,0.0,0.0,0.0,0.0,0.0,0.0
computers and electronics 26,0.0,0.0,0.0,0.0,0.0,0.0,0.0,0.0,0.0,0.0,0.0,0.0,0.0,0.0,0.0,0.0,0.0,0.0,0.0,0.0,0.0,0.0,0.0,0.0,0.0,0.0,0.0,0.0,0.0,0.0,0.0,0.0,0.0,0.0,0.0,0.0
appliances and electrical equipment 27,0.0,0.0,0.0,0.0,0.0,0.0,0.0,0.0,0.0,0.0,0.0,0.0,0.0,0.0,0.0,0.0,0.0,0.0,0.0,0.0,0.0,0.0,0.0,0.0,0.0,0.0,0.0,0.0,0.0,0.0,0.0,0.0,0.0,0.0,0.0,0.0
other machinery 28,0.0,0.0,0.0,0.0,0.0,0.0,0.0,0.0,0.0,0.0,0.0,0.0,0.0,0.0,0.0,0.0,0.0,0.0,0.0,0.0,0.0,0.0,0.0,0.0,0.0,0.0,0.0,0.0,0.0,0.0,0.0,0.0,0.0,0.0,0.0,0.0
road vehicles 29,0.0,0.0,0.0,0.0,0.0,0.0,0.0,0.0,0.0,0.0,0.0,0.0,0.0,0.0,0.0,0.0,0.0,0.0,0.0,0.0,0.0,0.0,0.0,0.0,0.0,0.0,0.0,0.0,0.0,0.0,0.0,0.0,0.0,0.0,0.0,0.0
nonroad vehicles 30,0.0,0.0,0.0,0.0,0.0,0.0,0.0,0.0,0.0,0.0,0.0,0.0,0.0,0.0,0.0,0.0,0.0,0.0,0.0,0.0,0.0,0.0,0.0,0.0,0.0,0.0,0.0,0.0,0.0,0.0,0.0,0.0,0.0,0.0,0.0,0.0
other manufacturing 31T33,0.0,0.0,0.0,0.0,0.0,3772670.4473850033,3804458.412098299,4136455.1784581435,4497572.531759914,4424094.4017384695,4304450.87333477,4243352.7123333765,4234740.152782194,4249945.500189771,4313485.830031666,4391768.608742994,4467397.8407158805,4595947.890370577,4705798.7573906835,4819394.120548147,4916417.017169659,4974725.002381215,5049698.859446481,5159236.140861498,5226502.881995923,5327237.436786502,5425674.491896582,5509129.560392691,5575378.45731826,5640411.503107904,5715703.729529092,5845686.020816582,5926901.205825446,5997478.0593158575,6075006.9922179915,6154405.997861634
energy pipelines and gas processing 352T353,0.0,0.0,0.0,0.0,0.0,1520499.5233555767,1514711.1534795044,1747664.7896654522,1910937.728937729,2194531.507381875,2235347.7986174976,2248108.3875382864,2395247.4464907087,2580362.2776441555,2609376.536264305,2651016.0968810483,2620355.447016237,2565896.522645161,2473945.253686599,2412221.157945847,2387004.1130492794,2384588.773692068,2386708.4016701845,2357184.508187031,2367892.6517842384,2356487.505165002,2332398.54775005,2330041.8390423106,2343369.550024777,2354626.90854732,2367581.0062839002,2375586.7175545795,2359664.0942857023,2350015.9452259806,2361523.023871807,2388013.4431181923
water and waste 36T39,0.0,0.0,0.0,0.0,0.0,0.0,0.0,0.0,0.0,0.0,0.0,0.0,0.0,0.0,0.0,0.0,0.0,0.0,0.0,0.0,0.0,0.0,0.0,0.0,0.0,0.0,0.0,0.0,0.0,0.0,0.0,0.0,0.0,0.0,0.0,0.0
construction 41T43,0.0,0.0,0.0,0.0,0.0,0.0,0.0,0.0,0.0,0.0,0.0,0.0,0.0,0.0,0.0,0.0,0.0,0.0,0.0,0.0,0.0,0.0,0.0,0.0,0.0,0.0,0.0,0.0,0.0,0.0,0.0,0.0,0.0,0.0,0.0,0.0
