Pollutant:,PM25,Unit: grams,,,,,,,,,,,,,,,,,,,,,,,,,,,,,,,,,,
,2015.0,2016.0,2017.0,2018.0,2019.0,2020.0,2021.0,2022.0,2023.0,2024.0,2025.0,2026.0,2027.0,2028.0,2029.0,2030.0,2031.0,2032.0,2033.0,2034.0,2035.0,2036.0,2037.0,2038.0,2039.0,2040.0,2041.0,2042.0,2043.0,2044.0,2045.0,2046.0,2047.0,2048.0,2049.0,2050.0
agriculture and forestry 01T03,0.0,0.0,0.0,0.0,0.0,360126.98412698414,362603.1746031746,365079.36507936503,386083.9895013124,394202.0350345627,398375.9125087355,401622.4830378675,404783.30843373196,407627.63985874265,410811.19799796655,413876.3234355148,413134.8187159769,413399.2609066521,411631.71581482096,410850.59011955175,410001.85109295114,409654.16166876204,409176.8160971413,409184.6518021665,409200.0416518022,409184.59919417585,409036.7425751418,409617.08035860624,410051.36638432025,410641.81723918644,411726.6658244802,415258.95726404426,418784.55159429356,422447.20766866,425624.9749132375,428868.74329652305
coal mining 05,0.0,0.0,0.0,0.0,0.0,1501383977.142857,1528538257.1428573,1545343509.933775,1732815946.5713084,1548815891.381587,1621895664.7886646,1857237169.3841295,1949584098.0226846,2117350469.3119552,2306956477.2385144,2385542578.0587664,2403320438.179789,2337177567.025006,2331679989.951194,2351529001.22254,2303790364.705181,2295092018.3455157,2322687615.868546,2342923381.4303765,2404777929.4988713,2353471204.072053,2304251045.968003,2256377749.1134973,2257110963.445128,2307468576.4517174,2320179173.8026614,2336030019.6256847,2375669146.9434485,2395425379.518406,2401939314.019263,2392002704.5761104
oil and gas extraction 06,0.0,0.0,0.0,0.0,0.0,39505468.65008881,40219092.984014206,38107368.83009508,38232024.25986842,41369297.73708937,42084134.31899987,40623449.970325954,41428930.655384056,42729829.740526296,43651323.89581622,44840229.32801624,45687870.71152443,46385151.21859839,46712817.118726455,46841495.45090535,47173638.52588744,47113493.71997285,47223072.03633654,47401234.315594055,47443917.39169094,48227291.48073829,48405617.21294109,48833300.7039801,48949148.17552655,49162871.913282074,49521842.16454857,49919969.061012745,50101819.91889806,49897982.23159856,50126110.49947766,50578113.849571
other mining and quarrying 07T08,0.0,0.0,0.0,0.0,0.0,0.0,0.0,0.0,0.0,0.0,0.0,0.0,0.0,0.0,0.0,0.0,0.0,0.0,0.0,0.0,0.0,0.0,0.0,0.0,0.0,0.0,0.0,0.0,0.0,0.0,0.0,0.0,0.0,0.0,0.0,0.0
food beverage and tobacco 10T12,0.0,0.0,0.0,0.0,0.0,0.0,0.0,0.0,0.0,0.0,0.0,0.0,0.0,0.0,0.0,0.0,0.0,0.0,0.0,0.0,0.0,0.0,0.0,0.0,0.0,0.0,0.0,0.0,0.0,0.0,0.0,0.0,0.0,0.0,0.0,0.0
textiles apparel and leather 13T15,0.0,0.0,0.0,0.0,0.0,0.0,0.0,0.0,0.0,0.0,0.0,0.0,0.0,0.0,0.0,0.0,0.0,0.0,0.0,0.0,0.0,0.0,0.0,0.0,0.0,0.0,0.0,0.0,0.0,0.0,0.0,0.0,0.0,0.0,0.0,0.0
wood products 16,0.0,0.0,0.0,0.0,0.0,0.0,0.0,0.0,0.0,0.0,0.0,0.0,0.0,0.0,0.0,0.0,0.0,0.0,0.0,0.0,0.0,0.0,0.0,0.0,0.0,0.0,0.0,0.0,0.0,0.0,0.0,0.0,0.0,0.0,0.0,0.0
pulp paper and printing 17T18,0.0,0.0,0.0,0.0,0.0,826738131.8487098,838607688.2290561,888511985.5072738,920744450.7551881,911435297.9348838,910672001.625459,914214519.7823081,913506016.6328182,917315931.7972441,923579527.0997099,928306840.2633668,937554540.1495112,946492750.7021707,951931798.7911037,958812807.0221922,965423021.8285835,967344911.2475455,971049119.7601888,980392719.5926955,980909469.2409005,989872471.401168,1002352561.5869869,1011902073.1465907,1019114399.6366826,1022950494.7062049,1026230023.4190401,1029769125.3119264,1029639894.4422425,1031105153.4327786,1033918767.7519914,1037329315.2814558
refined petroleum and coke 19,0.0,0.0,0.0,0.0,0.0,7717141.692719965,7739231.241625725,7763212.206834934,7180861.696775669,9395818.883230386,9874196.708447464,10433175.537077194,10863887.391634043,10792735.149973609,10565905.48891996,10506294.428718852,10357828.650240991,10622140.507424032,10682336.29064053,10664400.533255115,10852747.87565437,10870927.700413272,10996579.489910541,10875875.157521248,10884124.245492633,10903229.05906407,10794004.854450442,10892647.080881707,10847451.536003392,10919202.538999828,10953358.423352743,11758071.956092503,11752508.675032686,11251527.37995736,10945492.448652824,11056645.29430276
chemicals 20,0.0,0.0,0.0,0.0,0.0,504687821.3899892,471050534.75374603,445970427.16829336,484917140.8227143,528209110.8749664,482831507.39451504,450922406.6039658,464030139.38464785,479126765.35105413,494594006.72126603,509166498.03853744,519652365.3829251,530117620.2465487,543643768.5468547,554425310.4529643,564117493.2797745,576991475.7717727,589376036.5120345,599603060.0556217,606453073.245288,615023325.2777834,624382245.0163643,642422704.6015981,659969798.4804842,673442692.0407882,688393789.2289577,695699397.5456202,698119962.167714,700601954.9737835,710532977.5180122,723202582.6852683
rubber and plastic products 22,0.0,0.0,0.0,0.0,0.0,0.0,0.0,0.0,0.0,0.0,0.0,0.0,0.0,0.0,0.0,0.0,0.0,0.0,0.0,0.0,0.0,0.0,0.0,0.0,0.0,0.0,0.0,0.0,0.0,0.0,0.0,0.0,0.0,0.0,0.0,0.0
glass and glass products 231,0.0,0.0,0.0,0.0,0.0,0.0,0.0,0.0,0.0,0.0,0.0,0.0,0.0,0.0,0.0,0.0,0.0,0.0,0.0,0.0,0.0,0.0,0.0,0.0,0.0,0.0,0.0,0.0,0.0,0.0,0.0,0.0,0.0,0.0,0.0,0.0
cement and other nonmetallic minerals 239,0.0,0.0,0.0,0.0,0.0,369247685.5373248,386397115.0711725,368443472.2222222,384078529.1214215,436978599.1482972,397699399.91671777,368178368.33113813,349895431.7976471,334977566.51296586,330484444.77141,325378018.6669094,320826061.19970447,316737189.95453656,262774643.5690377,252730009.96246424,241562395.4660399,230905831.89233053,224285241.85319546,218670258.33899736,209595531.78460574,203748127.5746823,197404542.70909777,191927097.94837406,187823531.74947065,184785771.70531285,180011887.56554598,176949506.2823094,174203154.6508692,171279864.38822013,169210440.86675438,167667194.29461408
iron and steel 241,0.0,0.0,0.0,0.0,0.0,175947380.85539716,177977523.4215886,209937681.71021378,204355431.19266057,198105383.0819501,184871459.95287222,166319044.44722432,159394823.83414325,161606539.2131753,162129574.45979813,160261662.01670215,156802418.17361176,150977446.75132936,150979215.58614358,153546897.7050956,154251944.63362902,155872085.02630222,157590899.66020358,159066328.33060938,160977980.6407784,162350030.87068477,162820295.32106194,164436310.14819422,167465921.65343687,169220592.20661053,169749501.56737962,169252209.40081665,167262501.66550174,164971620.01483682,165068517.4744051,166610763.19324777
other metals 242,0.0,0.0,0.0,0.0,0.0,65705667.198298775,67711272.19564061,68658348.69109948,74575949.88864142,77069209.7107961,76213073.26449531,75873068.05054338,77530986.60513338,80344640.02523078,82656529.04155602,84609198.08101887,85729451.41371295,85905193.54906008,85857483.86350523,86069091.30859536,86594593.9579981,87410546.28699048,88291338.16729851,88982290.0240929,89489845.29769143,90379647.57751225,91055403.07654859,91586521.87840115,92452189.54202436,93362972.20681778,93824225.38437447,93970257.09914981,94090200.29847348,94317403.44665001,94555233.93659393,94530036.65365475
metal products except machinery and vehicles 25,0.0,0.0,0.0,0.0,0.0,0.0,0.0,0.0,0.0,0.0,0.0,0.0,0.0,0.0,0.0,0.0,0.0,0.0,0.0,0.0,0.0,0.0,0.0,0.0,0.0,0.0,0.0,0.0,0.0,0.0,0.0,0.0,0.0,0.0,0.0,0.0
computers and electronics 26,0.0,0.0,0.0,0.0,0.0,0.0,0.0,0.0,0.0,0.0,0.0,0.0,0.0,0.0,0.0,0.0,0.0,0.0,0.0,0.0,0.0,0.0,0.0,0.0,0.0,0.0,0.0,0.0,0.0,0.0,0.0,0.0,0.0,0.0,0.0,0.0
appliances and electrical equipment 27,0.0,0.0,0.0,0.0,0.0,0.0,0.0,0.0,0.0,0.0,0.0,0.0,0.0,0.0,0.0,0.0,0.0,0.0,0.0,0.0,0.0,0.0,0.0,0.0,0.0,0.0,0.0,0.0,0.0,0.0,0.0,0.0,0.0,0.0,0.0,0.0
other machinery 28,0.0,0.0,0.0,0.0,0.0,0.0,0.0,0.0,0.0,0.0,0.0,0.0,0.0,0.0,0.0,0.0,0.0,0.0,0.0,0.0,0.0,0.0,0.0,0.0,0.0,0.0,0.0,0.0,0.0,0.0,0.0,0.0,0.0,0.0,0.0,0.0
road vehicles 29,0.0,0.0,0.0,0.0,0.0,0.0,0.0,0.0,0.0,0.0,0.0,0.0,0.0,0.0,0.0,0.0,0.0,0.0,0.0,0.0,0.0,0.0,0.0,0.0,0.0,0.0,0.0,0.0,0.0,0.0,0.0,0.0,0.0,0.0,0.0,0.0
nonroad vehicles 30,0.0,0.0,0.0,0.0,0.0,0.0,0.0,0.0,0.0,0.0,0.0,0.0,0.0,0.0,0.0,0.0,0.0,0.0,0.0,0.0,0.0,0.0,0.0,0.0,0.0,0.0,0.0,0.0,0.0,0.0,0.0,0.0,0.0,0.0,0.0,0.0
other manufacturing 31T33,0.0,0.0,0.0,0.0,0.0,223531518.58853182,225414962.19281664,245085840.52313495,266482119.76299468,262128525.08362806,255039620.82698762,251419541.91946626,250909245.95212448,251810165.9884976,255574943.91417608,260213215.04034942,264694262.96339333,272310880.4800022,278819567.4871835,285550116.67915016,291298743.7384516,294753504.14277244,299195720.964508,305685827.95854187,309671396.53814095,315639940.1256906,321472356.3732827,326417086.75856614,330342347.8544173,334195569.5143883,338656649.78751576,346358127.92251927,351170144.7394301,355351838.1732808,359945443.776488,364649851.5834951
energy pipelines and gas processing 352T353,0.0,0.0,0.0,0.0,0.0,146331551.95424214,145774484.27073404,168193739.64889038,183906985.34798536,211199803.98216435,215127928.35825348,216355996.33982584,230516531.42639932,248331821.80718854,251124128.82700163,255131483.93244347,252180729.65088868,246939650.12500277,238090339.95805597,232150066.6570927,229723200.1841121,229490750.02466926,229694741.1781283,226853387.3422606,227883929.77062657,226786308.37751013,224468008.06281462,224241200.46609366,225523847.78173238,226607246.17693454,227853937.27867025,228624399.96987233,227092020.5522348,226163491.07642215,227270922.319141,229820337.232266
water and waste 36T39,0.0,0.0,0.0,0.0,0.0,0.0,0.0,0.0,0.0,0.0,0.0,0.0,0.0,0.0,0.0,0.0,0.0,0.0,0.0,0.0,0.0,0.0,0.0,0.0,0.0,0.0,0.0,0.0,0.0,0.0,0.0,0.0,0.0,0.0,0.0,0.0
construction 41T43,0.0,0.0,0.0,0.0,0.0,0.0,0.0,0.0,0.0,0.0,0.0,0.0,0.0,0.0,0.0,0.0,0.0,0.0,0.0,0.0,0.0,0.0,0.0,0.0,0.0,0.0,0.0,0.0,0.0,0.0,0.0,0.0,0.0,0.0,0.0,0.0
