Pollutant:,CO,Unit: grams,,,,,,,,,,,,,,,,,,,,,,,,,,,,,,,,,,
,2015.0,2016.0,2017.0,2018.0,2019.0,2020.0,2021.0,2022.0,2023.0,2024.0,2025.0,2026.0,2027.0,2028.0,2029.0,2030.0,2031.0,2032.0,2033.0,2034.0,2035.0,2036.0,2037.0,2038.0,2039.0,2040.0,2041.0,2042.0,2043.0,2044.0,2045.0,2046.0,2047.0,2048.0,2049.0,2050.0
agriculture and forestry 01T03,0.0,0.0,0.0,0.0,0.0,37908.10359231412,38168.755221386804,38429.40685045948,40640.41994750656,41494.95105626976,41934.30657986689,42276.05084609131,42608.76930881389,42908.17261670976,43243.28399978594,43565.92878268577,43487.875654313364,43515.71167438442,43329.65429629695,43247.43053890019,43158.08958873169,43121.49070197495,43071.243799699085,43072.068610754366,43073.688594926556,43072.06307307113,43056.49921843597,43117.58740616908,43163.301724665296,43225.45444623015,43339.64903415582,43711.469185688875,44082.58437834669,44468.127123016835,44802.62893823553,45144.07824173926
coal mining 05,0.0,0.0,0.0,0.0,0.0,482074160.0,490793033.3333334,496188973.50993377,556383846.2347497,497303908.39343977,520768838.69411474,596333823.9798211,625985178.150211,679852698.8822694,740732632.5925597,765965570.4134979,771673801.6953771,750436217.2150835,748671019.3108566,755044269.3129468,739716036.5297214,736923114.7465109,745783689.1885866,752281120.7808295,772141782.5144418,755667884.4716825,739863955.074333,724492484.6717485,724727909.9116615,740897060.7480481,744978262.2490226,750067755.2113526,762795344.7525759,769138804.7656912,771230341.3416784,768039829.9711816
oil and gas extraction 06,0.0,0.0,0.0,0.0,0.0,2137382845.159858,2175992396.2255774,2061740796.775527,2068485087.7878292,2238222461.87596,2276897599.761327,2197869511.3540754,2241448809.5418706,2311831961.1124806,2361687990.3340783,2426011896.925576,2471872235.0981216,2509597528.456486,2527325389.8845005,2534287333.8669677,2552257425.9798665,2549003383.4186726,2554931950.31334,2564571147.425832,2566880449.8526993,2609263704.538345,2618911745.021976,2642050904.9444027,2648318654.8737025,2659881850.205674,2679303385.582854,2700843431.2468185,2710682193.25378,2699653867.5328536,2711996397.894399,2736451346.524457
other mining and quarrying 07T08,0.0,0.0,0.0,0.0,0.0,0.0,0.0,0.0,0.0,0.0,0.0,0.0,0.0,0.0,0.0,0.0,0.0,0.0,0.0,0.0,0.0,0.0,0.0,0.0,0.0,0.0,0.0,0.0,0.0,0.0,0.0,0.0,0.0,0.0,0.0,0.0
food beverage and tobacco 10T12,0.0,0.0,0.0,0.0,0.0,0.0,0.0,0.0,0.0,0.0,0.0,0.0,0.0,0.0,0.0,0.0,0.0,0.0,0.0,0.0,0.0,0.0,0.0,0.0,0.0,0.0,0.0,0.0,0.0,0.0,0.0,0.0,0.0,0.0,0.0,0.0
textiles apparel and leather 13T15,0.0,0.0,0.0,0.0,0.0,0.0,0.0,0.0,0.0,0.0,0.0,0.0,0.0,0.0,0.0,0.0,0.0,0.0,0.0,0.0,0.0,0.0,0.0,0.0,0.0,0.0,0.0,0.0,0.0,0.0,0.0,0.0,0.0,0.0,0.0,0.0
wood products 16,0.0,0.0,0.0,0.0,0.0,0.0,0.0,0.0,0.0,0.0,0.0,0.0,0.0,0.0,0.0,0.0,0.0,0.0,0.0,0.0,0.0,0.0,0.0,0.0,0.0,0.0,0.0,0.0,0.0,0.0,0.0,0.0,0.0,0.0,0.0,0.0
pulp paper and printing 17T18,0.0,0.0,0.0,0.0,0.0,2458976572.993991,2494280328.73807,2642711244.370882,2738580630.1910686,2710892311.7045836,2708622030.861324,2719158582.6683865,2717051273.740235,2728383147.4902315,2747013029.817103,2761073530.808686,2788579069.138287,2815164089.8440933,2831341512.0710893,2851807772.6522837,2871468609.2887006,2877184906.71718,2888202375.9776173,2915993150.6019683,2917530124.9232054,2944188883.587824,2981308556.9324636,3009711777.1348405,3031163481.359805,3042573222.297533,3052327561.627798,3062853952.4023304,3062469579.565494,3066827715.9478583,3075196280.8293557,3085340310.9072747
refined petroleum and coke 19,0.0,0.0,0.0,0.0,0.0,27734416.592228677,27813803.595355067,27899988.10587447,25807095.129201923,33767366.92271285,35486595.417062104,37495493.57090547,39043416.68559442,38787704.66289787,37972507.979251295,37758273.481175214,37224706.531914845,38174609.41685157,38390945.33438393,38326486.524758406,39003382.695145935,39068718.65158078,39520295.05308236,39086499.17732053,39116145.340552226,39184805.58803826,38792267.817795314,39146775.31686205,38984348.33033277,39242212.224407785,39364964.08817272,42257001.223562226,42237007.505593024,40436545.042186305,39336694.78485838,39736163.84340569
chemicals 20,0.0,0.0,0.0,0.0,0.0,2919535311.4872165,2327954088.101787,2191384546.9566483,2384100967.655179,2630561008.4660277,2372156348.4893713,2193589370.7149105,2272804476.372537,2361981422.2550063,2451289289.464733,2532793390.3942394,2591454948.747471,2648481864.437757,2727800305.691627,2792092591.6548977,2848415214.7956014,2924418947.7322106,2996880191.7902913,3055727016.8123193,3097398766.05137,3146636871.5211687,3199055206.865076,3300275103.020575,3401763274.539779,3479690443.84861,3567329450.7929187,3608137091.5781474,3624749089.570685,3640028234.0175724,3695928261.621569,3767881559.596355
rubber and plastic products 22,0.0,0.0,0.0,0.0,0.0,0.0,0.0,0.0,0.0,0.0,0.0,0.0,0.0,0.0,0.0,0.0,0.0,0.0,0.0,0.0,0.0,0.0,0.0,0.0,0.0,0.0,0.0,0.0,0.0,0.0,0.0,0.0,0.0,0.0,0.0,0.0
glass and glass products 231,0.0,0.0,0.0,0.0,0.0,0.0,0.0,0.0,0.0,0.0,0.0,0.0,0.0,0.0,0.0,0.0,0.0,0.0,0.0,0.0,0.0,0.0,0.0,0.0,0.0,0.0,0.0,0.0,0.0,0.0,0.0,0.0,0.0,0.0,0.0,0.0
cement and other nonmetallic minerals 239,0.0,0.0,0.0,0.0,0.0,4681863996.522873,4899309629.468652,4671667000.0,4869911194.471866,5540655908.584182,5042616581.873248,4668305623.851634,4436487725.840159,4247337139.074283,4190366748.364392,4125619984.9695816,4067903588.5935354,4016058878.8797483,3331842530.3999586,3204481925.898278,3062882521.7970147,2927762971.2172894,2843817415.5535936,2772622415.0542974,2657559715.4155154,2583417744.278395,2502984466.686287,2433533384.329853,2381502350.4290266,2342985170.937105,2282454862.5479765,2243625498.857459,2208803222.838799,2171737459.211422,2145498271.1049104,2125930726.4814503
iron and steel 241,0.0,0.0,0.0,0.0,0.0,2012370430.89904,2035589866.4533024,2401129138.445877,2337283028.1782436,2265799088.2153807,2114438178.7191808,1902247851.112076,1823053169.4348443,1848349315.4115016,1854331448.5896418,1832967494.493138,1793402938.3783426,1726780746.0271711,1726800976.7965071,1756168436.2437932,1764232299.3401291,1782762399.6705241,1802421071.0792358,1819296053.8996139,1841160275.8302922,1856852884.034793,1862231459.5500484,1880714374.3749528,1915365078.3560054,1935433846.188804,1941483163.6214519,1935795462.8631704,1913038494.3126137,1886836896.5845068,1887945146.002694,1905584338.2810392
other metals 242,0.0,0.0,0.0,0.0,0.0,1312379308.8782563,1352438479.0005317,1371355014.6596859,1489550867.4832962,1539350264.4269135,1522250129.7564778,1515458998.5386095,1548573615.5819566,1604772428.9924679,1650949196.3676674,1689951044.3626695,1712326546.464986,1715836751.1697276,1714883816.5626366,1719110380.9425814,1729606565.4156117,1745904078.2369769,1763496670.90719,1777297473.1660166,1787435183.7712893,1805207746.63874,1818705022.7887485,1829313382.095167,1846603889.5741544,1864795506.4487324,1874008397.0895472,1876925177.4691265,1879320876.0404227,1883858942.8966494,1888609276.122562,1888105995.4440541
metal products except machinery and vehicles 25,0.0,0.0,0.0,0.0,0.0,0.0,0.0,0.0,0.0,0.0,0.0,0.0,0.0,0.0,0.0,0.0,0.0,0.0,0.0,0.0,0.0,0.0,0.0,0.0,0.0,0.0,0.0,0.0,0.0,0.0,0.0,0.0,0.0,0.0,0.0,0.0
computers and electronics 26,0.0,0.0,0.0,0.0,0.0,0.0,0.0,0.0,0.0,0.0,0.0,0.0,0.0,0.0,0.0,0.0,0.0,0.0,0.0,0.0,0.0,0.0,0.0,0.0,0.0,0.0,0.0,0.0,0.0,0.0,0.0,0.0,0.0,0.0,0.0,0.0
appliances and electrical equipment 27,0.0,0.0,0.0,0.0,0.0,0.0,0.0,0.0,0.0,0.0,0.0,0.0,0.0,0.0,0.0,0.0,0.0,0.0,0.0,0.0,0.0,0.0,0.0,0.0,0.0,0.0,0.0,0.0,0.0,0.0,0.0,0.0,0.0,0.0,0.0,0.0
other machinery 28,0.0,0.0,0.0,0.0,0.0,0.0,0.0,0.0,0.0,0.0,0.0,0.0,0.0,0.0,0.0,0.0,0.0,0.0,0.0,0.0,0.0,0.0,0.0,0.0,0.0,0.0,0.0,0.0,0.0,0.0,0.0,0.0,0.0,0.0,0.0,0.0
road vehicles 29,0.0,0.0,0.0,0.0,0.0,0.0,0.0,0.0,0.0,0.0,0.0,0.0,0.0,0.0,0.0,0.0,0.0,0.0,0.0,0.0,0.0,0.0,0.0,0.0,0.0,0.0,0.0,0.0,0.0,0.0,0.0,0.0,0.0,0.0,0.0,0.0
nonroad vehicles 30,0.0,0.0,0.0,0.0,0.0,0.0,0.0,0.0,0.0,0.0,0.0,0.0,0.0,0.0,0.0,0.0,0.0,0.0,0.0,0.0,0.0,0.0,0.0,0.0,0.0,0.0,0.0,0.0,0.0,0.0,0.0,0.0,0.0,0.0,0.0,0.0
other manufacturing 31T33,0.0,0.0,0.0,0.0,0.0,407534223.06238186,410968046.3137996,446831248.81839794,485840137.10181254,477902827.69512355,464978605.16563106,458378614.0130774,457448261.6766565,459090785.0638864,465954586.00181144,474410906.7555626,482580584.1028748,496466913.5189438,508333305.87102413,520604188.9798191,531084868.738454,537383457.4391967,545482339.3890531,557314857.3628339,564581195.4828671,575462818.7506957,586096259.7931383,595111305.4947196,602267693.287885,609292741.5021104,617426014.5841695,631467058.6749494,640240146.0105778,647864051.5582621,656238939.8173271,664815838.4699346
energy pipelines and gas processing 352T353,0.0,0.0,0.0,0.0,0.0,48314423.26024786,48130495.71020019,55532681.90350006,60720738.70573871,69732033.76717046,71028986.20969366,71434458.5460535,76109855.45551996,81991946.28601174,82913884.86607954,84236996.99147388,83262743.7330884,81532291.67970312,78610506.79286763,76649201.28690244,75847920.54870355,75771172.26550522,75838524.21249098,74900391.80000095,75240646.94256437,74878244.27643868,74112808.92669545,74037923.65362702,74461416.4989757,74819123.14478262,75230744.29387613,75485128.670122,74979181.54668696,74672608.11460817,75038249.70781069,75879992.37734257
water and waste 36T39,0.0,0.0,0.0,0.0,0.0,0.0,0.0,0.0,0.0,0.0,0.0,0.0,0.0,0.0,0.0,0.0,0.0,0.0,0.0,0.0,0.0,0.0,0.0,0.0,0.0,0.0,0.0,0.0,0.0,0.0,0.0,0.0,0.0,0.0,0.0,0.0
construction 41T43,0.0,0.0,0.0,0.0,0.0,0.0,0.0,0.0,0.0,0.0,0.0,0.0,0.0,0.0,0.0,0.0,0.0,0.0,0.0,0.0,0.0,0.0,0.0,0.0,0.0,0.0,0.0,0.0,0.0,0.0,0.0,0.0,0.0,0.0,0.0,0.0
